"Day","Minute","Algae_density","fish_number","Fish_density","biomass_fish","Fish_biomass_density","Total_bites_per_minute","fish_eating_minute","per_capita_bites","total_bites_per_trial","total_amount_resource_consumed","Sequence","initial_weight","control_before","control_after","weight_algae_after_trial","avgtime","factor_loss","consumption_rate"
"17/06/2019",1,0.025,50,0.084,5330,8.959,11,6,2,113,4.03,5,15.71,15.78,13.03,10.83,15,0.826,0.0713274336283186
"17/06/2019",2,0.025,50,0.084,5330,8.959,6,3,2,113,4.03,5,15.71,15.78,13.03,10.83,15,0.826,0.0713274336283186
"17/06/2019",3,0.025,50,0.084,5330,8.959,14,3,5,113,4.03,5,15.71,15.78,13.03,10.83,15,0.826,0.178318584070796
"17/06/2019",4,0.025,50,0.084,5330,8.959,8,1,8,113,4.03,5,15.71,15.78,13.03,10.83,15,0.826,0.285309734513274
"17/06/2019",5,0.025,50,0.084,5330,8.959,4,2,2,113,4.03,5,15.71,15.78,13.03,10.83,15,0.826,0.0713274336283186
"17/06/2019",6,0.025,50,0.084,5330,8.959,0,0,0,113,4.03,5,15.71,15.78,13.03,10.83,15,0.826,0
"17/06/2019",7,0.025,50,0.084,5330,8.959,18,3,6,113,4.03,5,15.71,15.78,13.03,10.83,15,0.826,0.213982300884956
"17/06/2019",8,0.025,50,0.084,5330,8.959,5,1,5,113,4.03,5,15.71,15.78,13.03,10.83,15,0.826,0.178318584070796
"17/06/2019",9,0.025,50,0.084,5330,8.959,5,1,5,113,4.03,5,15.71,15.78,13.03,10.83,15,0.826,0.178318584070796
"17/06/2019",10,0.025,50,0.084,5330,8.959,0,0,0,113,4.03,5,15.71,15.78,13.03,10.83,15,0.826,0
"17/06/2019",11,0.025,50,0.084,5330,8.959,4,3,1,113,4.03,5,15.71,15.78,13.03,10.83,15,0.826,0.0356637168141593
"17/06/2019",12,0.025,50,0.084,5330,8.959,0,0,0,113,4.03,5,15.71,15.78,13.03,10.83,15,0.826,0
"17/06/2019",13,0.025,50,0.084,5330,8.959,4,1,4,113,4.03,5,15.71,15.78,13.03,10.83,15,0.826,0.142654867256637
"17/06/2019",14,0.025,50,0.084,5330,8.959,12,2,6,113,4.03,5,15.71,15.78,13.03,10.83,15,0.826,0.213982300884956
"17/06/2019",15,0.025,50,0.084,5330,8.959,22,3,7,113,4.03,5,15.71,15.78,13.03,10.83,15,0.826,0.249646017699115
"17/06/2019",1,0.05,50,0.084,5330,8.959,39,10,4,119,5.404,4,30.55,30.95,23.96,23.57,15,0.774,0.181647058823529
"17/06/2019",2,0.05,50,0.084,5330,8.959,22,5,4,119,5.404,4,30.55,30.95,23.96,23.57,15,0.774,0.181647058823529
"17/06/2019",3,0.05,50,0.084,5330,8.959,2,1,2,119,5.404,4,30.55,30.95,23.96,23.57,15,0.774,0.0908235294117647
"17/06/2019",4,0.05,50,0.084,5330,8.959,4,1,4,119,5.404,4,30.55,30.95,23.96,23.57,15,0.774,0.181647058823529
"17/06/2019",5,0.05,50,0.084,5330,8.959,17,2,8,119,5.404,4,30.55,30.95,23.96,23.57,15,0.774,0.363294117647059
"17/06/2019",6,0.05,50,0.084,5330,8.959,3,1,3,119,5.404,4,30.55,30.95,23.96,23.57,15,0.774,0.136235294117647
"17/06/2019",7,0.05,50,0.084,5330,8.959,0,0,0,119,5.404,4,30.55,30.95,23.96,23.57,15,0.774,0
"17/06/2019",8,0.05,50,0.084,5330,8.959,0,0,0,119,5.404,4,30.55,30.95,23.96,23.57,15,0.774,0
"17/06/2019",9,0.05,50,0.084,5330,8.959,9,3,3,119,5.404,4,30.55,30.95,23.96,23.57,15,0.774,0.136235294117647
"17/06/2019",10,0.05,50,0.084,5330,8.959,5,2,2,119,5.404,4,30.55,30.95,23.96,23.57,15,0.774,0.0908235294117647
"17/06/2019",11,0.05,50,0.084,5330,8.959,0,0,0,119,5.404,4,30.55,30.95,23.96,23.57,15,0.774,0
"17/06/2019",12,0.05,50,0.084,5330,8.959,0,0,0,119,5.404,4,30.55,30.95,23.96,23.57,15,0.774,0
"17/06/2019",13,0.05,50,0.084,5330,8.959,14,3,5,119,5.404,4,30.55,30.95,23.96,23.57,15,0.774,0.227058823529412
"17/06/2019",14,0.05,50,0.084,5330,8.959,2,1,2,119,5.404,4,30.55,30.95,23.96,23.57,15,0.774,0.0908235294117647
"17/06/2019",15,0.05,50,0.084,5330,8.959,2,1,2,119,5.404,4,30.55,30.95,23.96,23.57,15,0.774,0.0908235294117647
"17/06/2019",1,0.076,50,0.084,5330,8.959,28,6,5,182,10.581,2,45.25,45.39,34.28,31.24,15,0.755,0.290686813186813
"17/06/2019",2,0.076,50,0.084,5330,8.959,27,6,4,182,10.581,2,45.25,45.39,34.28,31.24,15,0.755,0.232549450549451
"17/06/2019",3,0.076,50,0.084,5330,8.959,13,4,3,182,10.581,2,45.25,45.39,34.28,31.24,15,0.755,0.174412087912088
"17/06/2019",4,0.076,50,0.084,5330,8.959,12,3,4,182,10.581,2,45.25,45.39,34.28,31.24,15,0.755,0.232549450549451
"17/06/2019",5,0.076,50,0.084,5330,8.959,8,1,8,182,10.581,2,45.25,45.39,34.28,31.24,15,0.755,0.465098901098901
"17/06/2019",6,0.076,50,0.084,5330,8.959,29,2,14,182,10.581,2,45.25,45.39,34.28,31.24,15,0.755,0.813923076923077
"17/06/2019",7,0.076,50,0.084,5330,8.959,12,2,6,182,10.581,2,45.25,45.39,34.28,31.24,15,0.755,0.348824175824176
"17/06/2019",8,0.076,50,0.084,5330,8.959,0,0,0,182,10.581,2,45.25,45.39,34.28,31.24,15,0.755,0
"17/06/2019",9,0.076,50,0.084,5330,8.959,17,4,4,182,10.581,2,45.25,45.39,34.28,31.24,15,0.755,0.232549450549451
"17/06/2019",10,0.076,50,0.084,5330,8.959,14,3,5,182,10.581,2,45.25,45.39,34.28,31.24,15,0.755,0.290686813186813
"17/06/2019",11,0.076,50,0.084,5330,8.959,0,0,0,182,10.581,2,45.25,45.39,34.28,31.24,15,0.755,0
"17/06/2019",12,0.076,50,0.084,5330,8.959,12,1,12,182,10.581,2,45.25,45.39,34.28,31.24,15,0.755,0.697648351648352
"17/06/2019",13,0.076,50,0.084,5330,8.959,1,1,1,182,10.581,2,45.25,45.39,34.28,31.24,15,0.755,0.0581373626373626
"17/06/2019",14,0.076,50,0.084,5330,8.959,0,0,0,182,10.581,2,45.25,45.39,34.28,31.24,15,0.755,0
"17/06/2019",15,0.076,50,0.084,5330,8.959,9,1,9,182,10.581,2,45.25,45.39,34.28,31.24,15,0.755,0.523236263736264
"17/06/2019",1,0.101,50,0.084,5330,8.959,131,18,7,353,16.901,1,60.11,60.2,37.16,32.73,15,0.617,0.33514730878187
"17/06/2019",2,0.101,50,0.084,5330,8.959,40,9,4,353,16.901,1,60.11,60.2,37.16,32.73,15,0.617,0.191512747875354
"17/06/2019",3,0.101,50,0.084,5330,8.959,31,5,6,353,16.901,1,60.11,60.2,37.16,32.73,15,0.617,0.287269121813031
"17/06/2019",4,0.101,50,0.084,5330,8.959,25,6,4,353,16.901,1,60.11,60.2,37.16,32.73,15,0.617,0.191512747875354
"17/06/2019",5,0.101,50,0.084,5330,8.959,22,6,4,353,16.901,1,60.11,60.2,37.16,32.73,15,0.617,0.191512747875354
"17/06/2019",6,0.101,50,0.084,5330,8.959,2,1,2,353,16.901,1,60.11,60.2,37.16,32.73,15,0.617,0.0957563739376771
"17/06/2019",7,0.101,50,0.084,5330,8.959,28,5,6,353,16.901,1,60.11,60.2,37.16,32.73,15,0.617,0.287269121813031
"17/06/2019",8,0.101,50,0.084,5330,8.959,8,3,3,353,16.901,1,60.11,60.2,37.16,32.73,15,0.617,0.143634560906516
"17/06/2019",9,0.101,50,0.084,5330,8.959,9,2,4,353,16.901,1,60.11,60.2,37.16,32.73,15,0.617,0.191512747875354
"17/06/2019",10,0.101,50,0.084,5330,8.959,13,3,4,353,16.901,1,60.11,60.2,37.16,32.73,15,0.617,0.191512747875354
"17/06/2019",11,0.101,50,0.084,5330,8.959,16,3,5,353,16.901,1,60.11,60.2,37.16,32.73,15,0.617,0.239390934844193
"17/06/2019",12,0.101,50,0.084,5330,8.959,11,3,4,353,16.901,1,60.11,60.2,37.16,32.73,15,0.617,0.191512747875354
"17/06/2019",13,0.101,50,0.084,5330,8.959,16,2,8,353,16.901,1,60.11,60.2,37.16,32.73,15,0.617,0.383025495750708
"17/06/2019",14,0.101,50,0.084,5330,8.959,1,1,1,353,16.901,1,60.11,60.2,37.16,32.73,15,0.617,0.0478781869688385
"17/06/2019",15,0.101,50,0.084,5330,8.959,0,0,0,353,16.901,1,60.11,60.2,37.16,32.73,15,0.617,0
"17/06/2019",1,0.126,50,0.084,5330,8.959,81,15,5,252,18.346,3,75.57,75.64,52.11,48.94,15,0.689,0.364007936507937
"17/06/2019",2,0.126,50,0.084,5330,8.959,21,4,5,252,18.346,3,75.57,75.64,52.11,48.94,15,0.689,0.364007936507937
"17/06/2019",3,0.126,50,0.084,5330,8.959,16,4,4,252,18.346,3,75.57,75.64,52.11,48.94,15,0.689,0.291206349206349
"17/06/2019",4,0.126,50,0.084,5330,8.959,24,6,4,252,18.346,3,75.57,75.64,52.11,48.94,15,0.689,0.291206349206349
"17/06/2019",5,0.126,50,0.084,5330,8.959,13,3,4,252,18.346,3,75.57,75.64,52.11,48.94,15,0.689,0.291206349206349
"17/06/2019",6,0.126,50,0.084,5330,8.959,8,2,4,252,18.346,3,75.57,75.64,52.11,48.94,15,0.689,0.291206349206349
"17/06/2019",7,0.126,50,0.084,5330,8.959,17,4,4,252,18.346,3,75.57,75.64,52.11,48.94,15,0.689,0.291206349206349
"17/06/2019",8,0.126,50,0.084,5330,8.959,3,1,3,252,18.346,3,75.57,75.64,52.11,48.94,15,0.689,0.218404761904762
"17/06/2019",9,0.126,50,0.084,5330,8.959,6,2,3,252,18.346,3,75.57,75.64,52.11,48.94,15,0.689,0.218404761904762
"17/06/2019",10,0.126,50,0.084,5330,8.959,20,1,20,252,18.346,3,75.57,75.64,52.11,48.94,15,0.689,1.45603174603175
"17/06/2019",11,0.126,50,0.084,5330,8.959,10,3,3,252,18.346,3,75.57,75.64,52.11,48.94,15,0.689,0.218404761904762
"17/06/2019",12,0.126,50,0.084,5330,8.959,0,0,0,252,18.346,3,75.57,75.64,52.11,48.94,15,0.689,0
"17/06/2019",13,0.126,50,0.084,5330,8.959,20,1,20,252,18.346,3,75.57,75.64,52.11,48.94,15,0.689,1.45603174603175
"17/06/2019",14,0.126,50,0.084,5330,8.959,0,0,0,252,18.346,3,75.57,75.64,52.11,48.94,15,0.689,0
"17/06/2019",15,0.126,50,0.084,5330,8.959,13,1,13,252,18.346,3,75.57,75.64,52.11,48.94,15,0.689,0.946420634920635
"14/06/2019",1,0.025,63,0.106,8814,14.814,79,19,4,275,7.915,5,15.73,15.37,12.86,6.27,15,0.837,0.115127272727273
"14/06/2019",2,0.025,63,0.106,8814,14.814,43,6,7,275,7.915,5,15.73,15.37,12.86,6.27,15,0.837,0.201472727272727
"14/06/2019",3,0.025,63,0.106,8814,14.814,9,2,4,275,7.915,5,15.73,15.37,12.86,6.27,15,0.837,0.115127272727273
"14/06/2019",4,0.025,63,0.106,8814,14.814,15,4,4,275,7.915,5,15.73,15.37,12.86,6.27,15,0.837,0.115127272727273
"14/06/2019",5,0.025,63,0.106,8814,14.814,12,2,6,275,7.915,5,15.73,15.37,12.86,6.27,15,0.837,0.172690909090909
"14/06/2019",6,0.025,63,0.106,8814,14.814,19,2,10,275,7.915,5,15.73,15.37,12.86,6.27,15,0.837,0.287818181818182
"14/06/2019",7,0.025,63,0.106,8814,14.814,5,2,2,275,7.915,5,15.73,15.37,12.86,6.27,15,0.837,0.0575636363636364
"14/06/2019",8,0.025,63,0.106,8814,14.814,0,0,0,275,7.915,5,15.73,15.37,12.86,6.27,15,0.837,0
"14/06/2019",9,0.025,63,0.106,8814,14.814,17,7,2,275,7.915,5,15.73,15.37,12.86,6.27,15,0.837,0.0575636363636364
"14/06/2019",10,0.025,63,0.106,8814,14.814,27,4,7,275,7.915,5,15.73,15.37,12.86,6.27,15,0.837,0.201472727272727
"14/06/2019",11,0.025,63,0.106,8814,14.814,9,2,4,275,7.915,5,15.73,15.37,12.86,6.27,15,0.837,0.115127272727273
"14/06/2019",12,0.025,63,0.106,8814,14.814,2,1,2,275,7.915,5,15.73,15.37,12.86,6.27,15,0.837,0.0575636363636364
"14/06/2019",13,0.025,63,0.106,8814,14.814,0,0,0,275,7.915,5,15.73,15.37,12.86,6.27,15,0.837,0
"14/06/2019",14,0.025,63,0.106,8814,14.814,28,4,7,275,7.915,5,15.73,15.37,12.86,6.27,15,0.837,0.201472727272727
"14/06/2019",15,0.025,63,0.106,8814,14.814,10,1,10,275,7.915,5,15.73,15.37,12.86,6.27,15,0.837,0.287818181818182
"14/06/2019",1,0.05,63,0.106,8814,14.814,65,11,6,288,10.044,3,30.44,30.68,26.96,19.01,15,0.879,0.20925
"14/06/2019",2,0.05,63,0.106,8814,14.814,39,4,10,288,10.044,3,30.44,30.68,26.96,19.01,15,0.879,0.34875
"14/06/2019",3,0.05,63,0.106,8814,14.814,33,3,11,288,10.044,3,30.44,30.68,26.96,19.01,15,0.879,0.383625
"14/06/2019",4,0.05,63,0.106,8814,14.814,2,1,2,288,10.044,3,30.44,30.68,26.96,19.01,15,0.879,0.06975
"14/06/2019",5,0.05,63,0.106,8814,14.814,25,4,6,288,10.044,3,30.44,30.68,26.96,19.01,15,0.879,0.20925
"14/06/2019",6,0.05,63,0.106,8814,14.814,10,3,3,288,10.044,3,30.44,30.68,26.96,19.01,15,0.879,0.104625
"14/06/2019",7,0.05,63,0.106,8814,14.814,26,4,6,288,10.044,3,30.44,30.68,26.96,19.01,15,0.879,0.20925
"14/06/2019",8,0.05,63,0.106,8814,14.814,0,0,0,288,10.044,3,30.44,30.68,26.96,19.01,15,0.879,0
"14/06/2019",9,0.05,63,0.106,8814,14.814,25,2,12,288,10.044,3,30.44,30.68,26.96,19.01,15,0.879,0.4185
"14/06/2019",10,0.05,63,0.106,8814,14.814,24,3,8,288,10.044,3,30.44,30.68,26.96,19.01,15,0.879,0.279
"14/06/2019",11,0.05,63,0.106,8814,14.814,8,2,4,288,10.044,3,30.44,30.68,26.96,19.01,15,0.879,0.1395
"14/06/2019",12,0.05,63,0.106,8814,14.814,2,1,2,288,10.044,3,30.44,30.68,26.96,19.01,15,0.879,0.06975
"14/06/2019",13,0.05,63,0.106,8814,14.814,9,1,9,288,10.044,3,30.44,30.68,26.96,19.01,15,0.879,0.313875
"14/06/2019",14,0.05,63,0.106,8814,14.814,0,0,0,288,10.044,3,30.44,30.68,26.96,19.01,15,0.879,0
"14/06/2019",15,0.05,63,0.106,8814,14.814,20,3,7,288,10.044,3,30.44,30.68,26.96,19.01,15,0.879,0.244125
"14/06/2019",1,0.076,63,0.106,8814,14.814,76,24,3,305,18.496,1,45.73,45.55,37.95,23.53,15,0.833,0.181927868852459
"14/06/2019",2,0.076,63,0.106,8814,14.814,38,12,3,305,18.496,1,45.73,45.55,37.95,23.53,15,0.833,0.181927868852459
"14/06/2019",3,0.076,63,0.106,8814,14.814,17,3,6,305,18.496,1,45.73,45.55,37.95,23.53,15,0.833,0.363855737704918
"14/06/2019",4,0.076,63,0.106,8814,14.814,16,2,8,305,18.496,1,45.73,45.55,37.95,23.53,15,0.833,0.485140983606557
"14/06/2019",5,0.076,63,0.106,8814,14.814,22,4,6,305,18.496,1,45.73,45.55,37.95,23.53,15,0.833,0.363855737704918
"14/06/2019",6,0.076,63,0.106,8814,14.814,21,4,5,305,18.496,1,45.73,45.55,37.95,23.53,15,0.833,0.303213114754098
"14/06/2019",7,0.076,63,0.106,8814,14.814,15,3,5,305,18.496,1,45.73,45.55,37.95,23.53,15,0.833,0.303213114754098
"14/06/2019",8,0.076,63,0.106,8814,14.814,5,2,2,305,18.496,1,45.73,45.55,37.95,23.53,15,0.833,0.121285245901639
"14/06/2019",9,0.076,63,0.106,8814,14.814,23,5,5,305,18.496,1,45.73,45.55,37.95,23.53,15,0.833,0.303213114754098
"14/06/2019",10,0.076,63,0.106,8814,14.814,16,4,4,305,18.496,1,45.73,45.55,37.95,23.53,15,0.833,0.242570491803279
"14/06/2019",11,0.076,63,0.106,8814,14.814,17,4,4,305,18.496,1,45.73,45.55,37.95,23.53,15,0.833,0.242570491803279
"14/06/2019",12,0.076,63,0.106,8814,14.814,27,4,7,305,18.496,1,45.73,45.55,37.95,23.53,15,0.833,0.424498360655738
"14/06/2019",13,0.076,63,0.106,8814,14.814,0,0,0,305,18.496,1,45.73,45.55,37.95,23.53,15,0.833,0
"14/06/2019",14,0.076,63,0.106,8814,14.814,5,1,5,305,18.496,1,45.73,45.55,37.95,23.53,15,0.833,0.303213114754098
"14/06/2019",15,0.076,63,0.106,8814,14.814,7,1,7,305,18.496,1,45.73,45.55,37.95,23.53,15,0.833,0.424498360655738
"14/06/2019",1,0.101,63,0.106,8814,14.814,42,15,3,311,17.256,4,60.7,60.54,49.07,39.41,15,0.811,0.166456591639871
"14/06/2019",2,0.101,63,0.106,8814,14.814,61,11,6,311,17.256,4,60.7,60.54,49.07,39.41,15,0.811,0.332913183279743
"14/06/2019",3,0.101,63,0.106,8814,14.814,11,2,6,311,17.256,4,60.7,60.54,49.07,39.41,15,0.811,0.332913183279743
"14/06/2019",4,0.101,63,0.106,8814,14.814,29,6,5,311,17.256,4,60.7,60.54,49.07,39.41,15,0.811,0.277427652733119
"14/06/2019",5,0.101,63,0.106,8814,14.814,8,4,2,311,17.256,4,60.7,60.54,49.07,39.41,15,0.811,0.110971061093248
"14/06/2019",6,0.101,63,0.106,8814,14.814,27,1,27,311,17.256,4,60.7,60.54,49.07,39.41,15,0.811,1.49810932475884
"14/06/2019",7,0.101,63,0.106,8814,14.814,16,2,8,311,17.256,4,60.7,60.54,49.07,39.41,15,0.811,0.44388424437299
"14/06/2019",8,0.101,63,0.106,8814,14.814,4,1,4,311,17.256,4,60.7,60.54,49.07,39.41,15,0.811,0.221942122186495
"14/06/2019",9,0.101,63,0.106,8814,14.814,8,3,3,311,17.256,4,60.7,60.54,49.07,39.41,15,0.811,0.166456591639871
"14/06/2019",10,0.101,63,0.106,8814,14.814,17,1,17,311,17.256,4,60.7,60.54,49.07,39.41,15,0.811,0.943254019292604
"14/06/2019",11,0.101,63,0.106,8814,14.814,18,2,9,311,17.256,4,60.7,60.54,49.07,39.41,15,0.811,0.499369774919614
"14/06/2019",12,0.101,63,0.106,8814,14.814,11,2,6,311,17.256,4,60.7,60.54,49.07,39.41,15,0.811,0.332913183279743
"14/06/2019",13,0.101,63,0.106,8814,14.814,2,1,2,311,17.256,4,60.7,60.54,49.07,39.41,15,0.811,0.110971061093248
"14/06/2019",14,0.101,63,0.106,8814,14.814,40,2,20,311,17.256,4,60.7,60.54,49.07,39.41,15,0.811,1.10971061093248
"14/06/2019",15,0.101,63,0.106,8814,14.814,17,2,8,311,17.256,4,60.7,60.54,49.07,39.41,15,0.811,0.44388424437299
"14/06/2019",1,0.126,63,0.106,8814,14.814,54,11,5,343,12.318,2,75.5,75.54,64.62,61.1,15,0.855,0.179562682215743
"14/06/2019",2,0.126,63,0.106,8814,14.814,21,4,5,343,12.318,2,75.5,75.54,64.62,61.1,15,0.855,0.179562682215743
"14/06/2019",3,0.126,63,0.106,8814,14.814,25,5,5,343,12.318,2,75.5,75.54,64.62,61.1,15,0.855,0.179562682215743
"14/06/2019",4,0.126,63,0.106,8814,14.814,24,6,4,343,12.318,2,75.5,75.54,64.62,61.1,15,0.855,0.143650145772595
"14/06/2019",5,0.126,63,0.106,8814,14.814,22,3,7,343,12.318,2,75.5,75.54,64.62,61.1,15,0.855,0.251387755102041
"14/06/2019",6,0.126,63,0.106,8814,14.814,12,2,6,343,12.318,2,75.5,75.54,64.62,61.1,15,0.855,0.215475218658892
"14/06/2019",7,0.126,63,0.106,8814,14.814,10,2,5,343,12.318,2,75.5,75.54,64.62,61.1,15,0.855,0.179562682215743
"14/06/2019",8,0.126,63,0.106,8814,14.814,8,1,8,343,12.318,2,75.5,75.54,64.62,61.1,15,0.855,0.287300291545189
"14/06/2019",9,0.126,63,0.106,8814,14.814,40,4,10,343,12.318,2,75.5,75.54,64.62,61.1,15,0.855,0.359125364431487
"14/06/2019",10,0.126,63,0.106,8814,14.814,5,1,5,343,12.318,2,75.5,75.54,64.62,61.1,15,0.855,0.179562682215743
"14/06/2019",11,0.126,63,0.106,8814,14.814,15,1,15,343,12.318,2,75.5,75.54,64.62,61.1,15,0.855,0.53868804664723
"14/06/2019",12,0.126,63,0.106,8814,14.814,44,7,6,343,12.318,2,75.5,75.54,64.62,61.1,15,0.855,0.215475218658892
"14/06/2019",13,0.126,63,0.106,8814,14.814,9,2,4,343,12.318,2,75.5,75.54,64.62,61.1,15,0.855,0.143650145772595
"14/06/2019",14,0.126,63,0.106,8814,14.814,13,2,6,343,12.318,2,75.5,75.54,64.62,61.1,15,0.855,0.215475218658892
"14/06/2019",15,0.126,63,0.106,8814,14.814,41,2,20,343,12.318,2,75.5,75.54,64.62,61.1,15,0.855,0.718250728862974
"22/06/2019",1,0.025,79,0.133,9035,15.186,53,8,7,370,2.984,2,15.18,15.32,15.29,12.19,15,0.998,0.0564540540540541
"22/06/2019",2,0.025,79,0.133,9035,15.186,29,2,14,370,2.984,2,15.18,15.32,15.29,12.19,15,0.998,0.112908108108108
"22/06/2019",3,0.025,79,0.133,9035,15.186,35,4,9,370,2.984,2,15.18,15.32,15.29,12.19,15,0.998,0.0725837837837838
"22/06/2019",4,0.025,79,0.133,9035,15.186,68,2,34,370,2.984,2,15.18,15.32,15.29,12.19,15,0.998,0.274205405405405
"22/06/2019",5,0.025,79,0.133,9035,15.186,36,4,9,370,2.984,2,15.18,15.32,15.29,12.19,15,0.998,0.0725837837837838
"22/06/2019",6,0.025,79,0.133,9035,15.186,33,2,16,370,2.984,2,15.18,15.32,15.29,12.19,15,0.998,0.129037837837838
"22/06/2019",7,0.025,79,0.133,9035,15.186,21,3,7,370,2.984,2,15.18,15.32,15.29,12.19,15,0.998,0.0564540540540541
"22/06/2019",8,0.025,79,0.133,9035,15.186,18,2,9,370,2.984,2,15.18,15.32,15.29,12.19,15,0.998,0.0725837837837838
"22/06/2019",9,0.025,79,0.133,9035,15.186,23,4,6,370,2.984,2,15.18,15.32,15.29,12.19,15,0.998,0.0483891891891892
"22/06/2019",10,0.025,79,0.133,9035,15.186,15,2,8,370,2.984,2,15.18,15.32,15.29,12.19,15,0.998,0.0645189189189189
"22/06/2019",11,0.025,79,0.133,9035,15.186,27,1,27,370,2.984,2,15.18,15.32,15.29,12.19,15,0.998,0.217751351351351
"22/06/2019",12,0.025,79,0.133,9035,15.186,8,1,8,370,2.984,2,15.18,15.32,15.29,12.19,15,0.998,0.0645189189189189
"22/06/2019",13,0.025,79,0.133,9035,15.186,0,0,0,370,2.984,2,15.18,15.32,15.29,12.19,15,0.998,0
"22/06/2019",14,0.025,79,0.133,9035,15.186,0,0,0,370,2.984,2,15.18,15.32,15.29,12.19,15,0.998,0
"22/06/2019",15,0.025,79,0.133,9035,15.186,4,1,4,370,2.984,2,15.18,15.32,15.29,12.19,15,0.998,0.0322594594594595
"22/06/2019",1,0.05,79,0.133,9035,15.186,27,6,4,367,2.576,3,30.6,30.15,30.1,28.02,15,0.998,0.0280762942779292
"22/06/2019",2,0.05,79,0.133,9035,15.186,29,3,10,367,2.576,3,30.6,30.15,30.1,28.02,15,0.998,0.0701907356948229
"22/06/2019",3,0.05,79,0.133,9035,15.186,37,2,18,367,2.576,3,30.6,30.15,30.1,28.02,15,0.998,0.126343324250681
"22/06/2019",4,0.05,79,0.133,9035,15.186,44,2,22,367,2.576,3,30.6,30.15,30.1,28.02,15,0.998,0.15441961852861
"22/06/2019",5,0.05,79,0.133,9035,15.186,52,1,52,367,2.576,3,30.6,30.15,30.1,28.02,15,0.998,0.364991825613079
"22/06/2019",6,0.05,79,0.133,9035,15.186,25,2,12,367,2.576,3,30.6,30.15,30.1,28.02,15,0.998,0.0842288828337875
"22/06/2019",7,0.05,79,0.133,9035,15.186,30,3,10,367,2.576,3,30.6,30.15,30.1,28.02,15,0.998,0.0701907356948229
"22/06/2019",8,0.05,79,0.133,9035,15.186,35,2,18,367,2.576,3,30.6,30.15,30.1,28.02,15,0.998,0.126343324250681
"22/06/2019",9,0.05,79,0.133,9035,15.186,7,1,7,367,2.576,3,30.6,30.15,30.1,28.02,15,0.998,0.049133514986376
"22/06/2019",10,0.05,79,0.133,9035,15.186,0,0,0,367,2.576,3,30.6,30.15,30.1,28.02,15,0.998,0
"22/06/2019",11,0.05,79,0.133,9035,15.186,24,1,24,367,2.576,3,30.6,30.15,30.1,28.02,15,0.998,0.168457765667575
"22/06/2019",12,0.05,79,0.133,9035,15.186,47,2,24,367,2.576,3,30.6,30.15,30.1,28.02,15,0.998,0.168457765667575
"22/06/2019",13,0.05,79,0.133,9035,15.186,0,0,0,367,2.576,3,30.6,30.15,30.1,28.02,15,0.998,0
"22/06/2019",14,0.05,79,0.133,9035,15.186,0,0,0,367,2.576,3,30.6,30.15,30.1,28.02,15,0.998,0
"22/06/2019",15,0.05,79,0.133,9035,15.186,10,1,10,367,2.576,3,30.6,30.15,30.1,28.02,15,0.998,0.0701907356948229
"22/06/2019",1,0.076,79,0.133,9035,15.186,32,7,5,361,8.175,1,45.4,45.84,45.7,37.2,15,0.997,0.113227146814404
"22/06/2019",2,0.076,79,0.133,9035,15.186,25,6,4,361,8.175,1,45.4,45.84,45.7,37.2,15,0.997,0.0905817174515235
"22/06/2019",3,0.076,79,0.133,9035,15.186,30,5,6,361,8.175,1,45.4,45.84,45.7,37.2,15,0.997,0.135872576177285
"22/06/2019",4,0.076,79,0.133,9035,15.186,18,2,9,361,8.175,1,45.4,45.84,45.7,37.2,15,0.997,0.203808864265928
"22/06/2019",5,0.076,79,0.133,9035,15.186,25,4,6,361,8.175,1,45.4,45.84,45.7,37.2,15,0.997,0.135872576177285
"22/06/2019",6,0.076,79,0.133,9035,15.186,8,4,2,361,8.175,1,45.4,45.84,45.7,37.2,15,0.997,0.0452908587257618
"22/06/2019",7,0.076,79,0.133,9035,15.186,12,4,3,361,8.175,1,45.4,45.84,45.7,37.2,15,0.997,0.0679362880886427
"22/06/2019",8,0.076,79,0.133,9035,15.186,5,2,2,361,8.175,1,45.4,45.84,45.7,37.2,15,0.997,0.0452908587257618
"22/06/2019",9,0.076,79,0.133,9035,15.186,41,1,41,361,8.175,1,45.4,45.84,45.7,37.2,15,0.997,0.928462603878116
"22/06/2019",10,0.076,79,0.133,9035,15.186,47,1,47,361,8.175,1,45.4,45.84,45.7,37.2,15,0.997,1.0643351800554
"22/06/2019",11,0.076,79,0.133,9035,15.186,19,3,6,361,8.175,1,45.4,45.84,45.7,37.2,15,0.997,0.135872576177285
"22/06/2019",12,0.076,79,0.133,9035,15.186,41,1,41,361,8.175,1,45.4,45.84,45.7,37.2,15,0.997,0.928462603878116
"22/06/2019",13,0.076,79,0.133,9035,15.186,0,0,0,361,8.175,1,45.4,45.84,45.7,37.2,15,0.997,0
"22/06/2019",14,0.076,79,0.133,9035,15.186,14,2,7,361,8.175,1,45.4,45.84,45.7,37.2,15,0.997,0.158518005540166
"22/06/2019",15,0.076,79,0.133,9035,15.186,44,3,15,361,8.175,1,45.4,45.84,45.7,37.2,15,0.997,0.339681440443213
"22/06/2019",1,0.101,79,0.133,9035,15.186,55,8,7,403,7.774,4,60.45,60.59,55.81,52.01,15,0.921,0.135032258064516
"22/06/2019",2,0.101,79,0.133,9035,15.186,71,5,14,403,7.774,4,60.45,60.59,55.81,52.01,15,0.921,0.270064516129032
"22/06/2019",3,0.101,79,0.133,9035,15.186,55,4,14,403,7.774,4,60.45,60.59,55.81,52.01,15,0.921,0.270064516129032
"22/06/2019",4,0.101,79,0.133,9035,15.186,35,3,12,403,7.774,4,60.45,60.59,55.81,52.01,15,0.921,0.231483870967742
"22/06/2019",5,0.101,79,0.133,9035,15.186,20,2,10,403,7.774,4,60.45,60.59,55.81,52.01,15,0.921,0.192903225806452
"22/06/2019",6,0.101,79,0.133,9035,15.186,63,3,21,403,7.774,4,60.45,60.59,55.81,52.01,15,0.921,0.405096774193548
"22/06/2019",7,0.101,79,0.133,9035,15.186,46,3,15,403,7.774,4,60.45,60.59,55.81,52.01,15,0.921,0.289354838709677
"22/06/2019",8,0.101,79,0.133,9035,15.186,13,2,6,403,7.774,4,60.45,60.59,55.81,52.01,15,0.921,0.115741935483871
"22/06/2019",9,0.101,79,0.133,9035,15.186,2,1,2,403,7.774,4,60.45,60.59,55.81,52.01,15,0.921,0.0385806451612903
"22/06/2019",10,0.101,79,0.133,9035,15.186,0,0,0,403,7.774,4,60.45,60.59,55.81,52.01,15,0.921,0
"22/06/2019",11,0.101,79,0.133,9035,15.186,0,0,0,403,7.774,4,60.45,60.59,55.81,52.01,15,0.921,0
"22/06/2019",12,0.101,79,0.133,9035,15.186,17,1,17,403,7.774,4,60.45,60.59,55.81,52.01,15,0.921,0.327935483870968
"22/06/2019",13,0.101,79,0.133,9035,15.186,1,1,1,403,7.774,4,60.45,60.59,55.81,52.01,15,0.921,0.0192903225806452
"22/06/2019",14,0.101,79,0.133,9035,15.186,0,0,0,403,7.774,4,60.45,60.59,55.81,52.01,15,0.921,0
"22/06/2019",15,0.101,79,0.133,9035,15.186,25,1,25,403,7.774,4,60.45,60.59,55.81,52.01,15,0.921,0.482258064516129
"22/06/2019",1,0.126,79,0.133,9035,15.186,24,5,5,452,6.081,5,75.95,75.84,72.4,69.58,15,0.955,0.0672676991150443
"22/06/2019",2,0.126,79,0.133,9035,15.186,59,2,30,452,6.081,5,75.95,75.84,72.4,69.58,15,0.955,0.403606194690266
"22/06/2019",3,0.126,79,0.133,9035,15.186,20,1,20,452,6.081,5,75.95,75.84,72.4,69.58,15,0.955,0.269070796460177
"22/06/2019",4,0.126,79,0.133,9035,15.186,32,3,11,452,6.081,5,75.95,75.84,72.4,69.58,15,0.955,0.147988938053097
"22/06/2019",5,0.126,79,0.133,9035,15.186,48,5,10,452,6.081,5,75.95,75.84,72.4,69.58,15,0.955,0.134535398230089
"22/06/2019",6,0.126,79,0.133,9035,15.186,3,1,3,452,6.081,5,75.95,75.84,72.4,69.58,15,0.955,0.0403606194690266
"22/06/2019",7,0.126,79,0.133,9035,15.186,33,3,11,452,6.081,5,75.95,75.84,72.4,69.58,15,0.955,0.147988938053097
"22/06/2019",8,0.126,79,0.133,9035,15.186,30,3,10,452,6.081,5,75.95,75.84,72.4,69.58,15,0.955,0.134535398230089
"22/06/2019",9,0.126,79,0.133,9035,15.186,39,1,39,452,6.081,5,75.95,75.84,72.4,69.58,15,0.955,0.524688053097345
"22/06/2019",10,0.126,79,0.133,9035,15.186,31,1,31,452,6.081,5,75.95,75.84,72.4,69.58,15,0.955,0.417059734513274
"22/06/2019",11,0.126,79,0.133,9035,15.186,23,2,12,452,6.081,5,75.95,75.84,72.4,69.58,15,0.955,0.161442477876106
"22/06/2019",12,0.126,79,0.133,9035,15.186,3,1,3,452,6.081,5,75.95,75.84,72.4,69.58,15,0.955,0.0403606194690266
"22/06/2019",13,0.126,79,0.133,9035,15.186,48,1,48,452,6.081,5,75.95,75.84,72.4,69.58,15,0.955,0.645769911504425
"22/06/2019",14,0.126,79,0.133,9035,15.186,17,2,8,452,6.081,5,75.95,75.84,72.4,69.58,15,0.955,0.107628318584071
"22/06/2019",15,0.126,79,0.133,9035,15.186,42,2,21,452,6.081,5,75.95,75.84,72.4,69.58,15,0.955,0.282524336283186
"18/06/2019",1,0.025,90,0.151,11201,18.826,144,7,21,263,1.799,3,15.23,15.53,15.52,13.43,15,0.999,0.1436463878327
"18/06/2019",2,0.025,90,0.151,11201,18.826,32,4,8,263,1.799,3,15.23,15.53,15.52,13.43,15,0.999,0.054722433460076
"18/06/2019",3,0.025,90,0.151,11201,18.826,3,1,3,263,1.799,3,15.23,15.53,15.52,13.43,15,0.999,0.0205209125475285
"18/06/2019",4,0.025,90,0.151,11201,18.826,13,1,13,263,1.799,3,15.23,15.53,15.52,13.43,15,0.999,0.0889239543726236
"18/06/2019",5,0.025,90,0.151,11201,18.826,33,2,16,263,1.799,3,15.23,15.53,15.52,13.43,15,0.999,0.109444866920152
"18/06/2019",6,0.025,90,0.151,11201,18.826,0,0,0,263,1.799,3,15.23,15.53,15.52,13.43,15,0.999,0
"18/06/2019",7,0.025,90,0.151,11201,18.826,32,2,16,263,1.799,3,15.23,15.53,15.52,13.43,15,0.999,0.109444866920152
"18/06/2019",8,0.025,90,0.151,11201,18.826,3,1,3,263,1.799,3,15.23,15.53,15.52,13.43,15,0.999,0.0205209125475285
"18/06/2019",9,0.025,90,0.151,11201,18.826,0,0,0,263,1.799,3,15.23,15.53,15.52,13.43,15,0.999,0
"18/06/2019",10,0.025,90,0.151,11201,18.826,0,0,0,263,1.799,3,15.23,15.53,15.52,13.43,15,0.999,0
"18/06/2019",11,0.025,90,0.151,11201,18.826,0,0,0,263,1.799,3,15.23,15.53,15.52,13.43,15,0.999,0
"18/06/2019",12,0.025,90,0.151,11201,18.826,1,1,1,263,1.799,3,15.23,15.53,15.52,13.43,15,0.999,0.00684030418250951
"18/06/2019",13,0.025,90,0.151,11201,18.826,0,0,0,263,1.799,3,15.23,15.53,15.52,13.43,15,0.999,0
"18/06/2019",14,0.025,90,0.151,11201,18.826,0,0,0,263,1.799,3,15.23,15.53,15.52,13.43,15,0.999,0
"18/06/2019",15,0.025,90,0.151,11201,18.826,2,1,2,263,1.799,3,15.23,15.53,15.52,13.43,15,0.999,0.013680608365019
"18/06/2019",1,0.05,90,0.151,11201,18.826,80,8,10,460,7.754,2,30.73,30.22,30.12,22.95,15,0.997,0.168565217391304
"18/06/2019",2,0.05,90,0.151,11201,18.826,37,8,5,460,7.754,2,30.73,30.22,30.12,22.95,15,0.997,0.0842826086956522
"18/06/2019",3,0.05,90,0.151,11201,18.826,51,6,8,460,7.754,2,30.73,30.22,30.12,22.95,15,0.997,0.134852173913043
"18/06/2019",4,0.05,90,0.151,11201,18.826,50,3,17,460,7.754,2,30.73,30.22,30.12,22.95,15,0.997,0.286560869565217
"18/06/2019",5,0.05,90,0.151,11201,18.826,38,1,38,460,7.754,2,30.73,30.22,30.12,22.95,15,0.997,0.640547826086956
"18/06/2019",6,0.05,90,0.151,11201,18.826,11,2,6,460,7.754,2,30.73,30.22,30.12,22.95,15,0.997,0.101139130434783
"18/06/2019",7,0.05,90,0.151,11201,18.826,17,1,17,460,7.754,2,30.73,30.22,30.12,22.95,15,0.997,0.286560869565217
"18/06/2019",8,0.05,90,0.151,11201,18.826,33,1,33,460,7.754,2,30.73,30.22,30.12,22.95,15,0.997,0.556265217391304
"18/06/2019",9,0.05,90,0.151,11201,18.826,23,1,23,460,7.754,2,30.73,30.22,30.12,22.95,15,0.997,0.3877
"18/06/2019",10,0.05,90,0.151,11201,18.826,16,1,16,460,7.754,2,30.73,30.22,30.12,22.95,15,0.997,0.269704347826087
"18/06/2019",11,0.05,90,0.151,11201,18.826,0,0,0,460,7.754,2,30.73,30.22,30.12,22.95,15,0.997,0
"18/06/2019",12,0.05,90,0.151,11201,18.826,38,3,13,460,7.754,2,30.73,30.22,30.12,22.95,15,0.997,0.219134782608696
"18/06/2019",13,0.05,90,0.151,11201,18.826,26,1,26,460,7.754,2,30.73,30.22,30.12,22.95,15,0.997,0.438269565217391
"18/06/2019",14,0.05,90,0.151,11201,18.826,34,1,34,460,7.754,2,30.73,30.22,30.12,22.95,15,0.997,0.573121739130435
"18/06/2019",15,0.05,90,0.151,11201,18.826,6,1,6,460,7.754,2,30.73,30.22,30.12,22.95,15,0.997,0.101139130434783
"18/06/2019",1,0.076,90,0.151,11201,18.826,43,10,4,478,8.896,5,45.89,45.83,42.38,36.27,15,0.925,0.0744435146443515
"18/06/2019",2,0.076,90,0.151,11201,18.826,65,5,13,478,8.896,5,45.89,45.83,42.38,36.27,15,0.925,0.241941422594142
"18/06/2019",3,0.076,90,0.151,11201,18.826,53,2,26,478,8.896,5,45.89,45.83,42.38,36.27,15,0.925,0.483882845188285
"18/06/2019",4,0.076,90,0.151,11201,18.826,36,1,36,478,8.896,5,45.89,45.83,42.38,36.27,15,0.925,0.669991631799163
"18/06/2019",5,0.076,90,0.151,11201,18.826,37,3,12,478,8.896,5,45.89,45.83,42.38,36.27,15,0.925,0.223330543933054
"18/06/2019",6,0.076,90,0.151,11201,18.826,9,1,9,478,8.896,5,45.89,45.83,42.38,36.27,15,0.925,0.167497907949791
"18/06/2019",7,0.076,90,0.151,11201,18.826,27,2,14,478,8.896,5,45.89,45.83,42.38,36.27,15,0.925,0.26055230125523
"18/06/2019",8,0.076,90,0.151,11201,18.826,54,2,27,478,8.896,5,45.89,45.83,42.38,36.27,15,0.925,0.502493723849373
"18/06/2019",9,0.076,90,0.151,11201,18.826,17,1,17,478,8.896,5,45.89,45.83,42.38,36.27,15,0.925,0.316384937238494
"18/06/2019",10,0.076,90,0.151,11201,18.826,0,0,0,478,8.896,5,45.89,45.83,42.38,36.27,15,0.925,0
"18/06/2019",11,0.076,90,0.151,11201,18.826,23,1,23,478,8.896,5,45.89,45.83,42.38,36.27,15,0.925,0.428050209205021
"18/06/2019",12,0.076,90,0.151,11201,18.826,4,1,4,478,8.896,5,45.89,45.83,42.38,36.27,15,0.925,0.0744435146443515
"18/06/2019",13,0.076,90,0.151,11201,18.826,42,1,42,478,8.896,5,45.89,45.83,42.38,36.27,15,0.925,0.781656903765691
"18/06/2019",14,0.076,90,0.151,11201,18.826,28,2,14,478,8.896,5,45.89,45.83,42.38,36.27,15,0.925,0.26055230125523
"18/06/2019",15,0.076,90,0.151,11201,18.826,40,2,20,478,8.896,5,45.89,45.83,42.38,36.27,15,0.925,0.372217573221757
"18/06/2019",1,0.101,90,0.151,11201,18.826,47,10,5,639,11.874,1,60.65,60.7,53.95,47.29,15,0.889,0.0929107981220657
"18/06/2019",2,0.101,90,0.151,11201,18.826,149,11,14,639,11.874,1,60.65,60.7,53.95,47.29,15,0.889,0.260150234741784
"18/06/2019",3,0.101,90,0.151,11201,18.826,60,10,6,639,11.874,1,60.65,60.7,53.95,47.29,15,0.889,0.111492957746479
"18/06/2019",4,0.101,90,0.151,11201,18.826,32,7,5,639,11.874,1,60.65,60.7,53.95,47.29,15,0.889,0.0929107981220657
"18/06/2019",5,0.101,90,0.151,11201,18.826,48,5,10,639,11.874,1,60.65,60.7,53.95,47.29,15,0.889,0.185821596244131
"18/06/2019",6,0.101,90,0.151,11201,18.826,23,3,8,639,11.874,1,60.65,60.7,53.95,47.29,15,0.889,0.148657276995305
"18/06/2019",7,0.101,90,0.151,11201,18.826,33,2,16,639,11.874,1,60.65,60.7,53.95,47.29,15,0.889,0.29731455399061
"18/06/2019",8,0.101,90,0.151,11201,18.826,18,2,9,639,11.874,1,60.65,60.7,53.95,47.29,15,0.889,0.167239436619718
"18/06/2019",9,0.101,90,0.151,11201,18.826,22,1,22,639,11.874,1,60.65,60.7,53.95,47.29,15,0.889,0.408807511737089
"18/06/2019",10,0.101,90,0.151,11201,18.826,43,2,22,639,11.874,1,60.65,60.7,53.95,47.29,15,0.889,0.408807511737089
"18/06/2019",11,0.101,90,0.151,11201,18.826,12,2,6,639,11.874,1,60.65,60.7,53.95,47.29,15,0.889,0.111492957746479
"18/06/2019",12,0.101,90,0.151,11201,18.826,26,2,13,639,11.874,1,60.65,60.7,53.95,47.29,15,0.889,0.241568075117371
"18/06/2019",13,0.101,90,0.151,11201,18.826,19,2,10,639,11.874,1,60.65,60.7,53.95,47.29,15,0.889,0.185821596244131
"18/06/2019",14,0.101,90,0.151,11201,18.826,30,2,15,639,11.874,1,60.65,60.7,53.95,47.29,15,0.889,0.278732394366197
"18/06/2019",15,0.101,90,0.151,11201,18.826,77,8,10,639,11.874,1,60.65,60.7,53.95,47.29,15,0.889,0.185821596244131
"18/06/2019",1,0.126,90,0.151,11201,18.826,53,5,11,405,11.943,4,75.69,75.32,66.34,62.13,15,0.881,0.324377777777778
"18/06/2019",2,0.126,90,0.151,11201,18.826,63,7,9,405,11.943,4,75.69,75.32,66.34,62.13,15,0.881,0.2654
"18/06/2019",3,0.126,90,0.151,11201,18.826,65,4,16,405,11.943,4,75.69,75.32,66.34,62.13,15,0.881,0.471822222222222
"18/06/2019",4,0.126,90,0.151,11201,18.826,25,3,8,405,11.943,4,75.69,75.32,66.34,62.13,15,0.881,0.235911111111111
"18/06/2019",5,0.126,90,0.151,11201,18.826,49,1,49,405,11.943,4,75.69,75.32,66.34,62.13,15,0.881,1.44495555555556
"18/06/2019",6,0.126,90,0.151,11201,18.826,6,1,6,405,11.943,4,75.69,75.32,66.34,62.13,15,0.881,0.176933333333333
"18/06/2019",7,0.126,90,0.151,11201,18.826,8,1,8,405,11.943,4,75.69,75.32,66.34,62.13,15,0.881,0.235911111111111
"18/06/2019",8,0.126,90,0.151,11201,18.826,5,1,5,405,11.943,4,75.69,75.32,66.34,62.13,15,0.881,0.147444444444444
"18/06/2019",9,0.126,90,0.151,11201,18.826,1,1,1,405,11.943,4,75.69,75.32,66.34,62.13,15,0.881,0.0294888888888889
"18/06/2019",10,0.126,90,0.151,11201,18.826,0,0,0,405,11.943,4,75.69,75.32,66.34,62.13,15,0.881,0
"18/06/2019",11,0.126,90,0.151,11201,18.826,5,1,5,405,11.943,4,75.69,75.32,66.34,62.13,15,0.881,0.147444444444444
"18/06/2019",12,0.126,90,0.151,11201,18.826,19,2,10,405,11.943,4,75.69,75.32,66.34,62.13,15,0.881,0.294888888888889
"18/06/2019",13,0.126,90,0.151,11201,18.826,38,2,19,405,11.943,4,75.69,75.32,66.34,62.13,15,0.881,0.560288888888889
"18/06/2019",14,0.126,90,0.151,11201,18.826,7,2,4,405,11.943,4,75.69,75.32,66.34,62.13,15,0.881,0.117955555555556
"18/06/2019",15,0.126,90,0.151,11201,18.826,61,5,12,405,11.943,4,75.69,75.32,66.34,62.13,15,0.881,0.353866666666667
"13/06/2019",1,0.025,105,0.176,17028,28.62,71,7,10,243,6.036,1,15.51,15.43,14.22,8.96,15,0.922,0.248395061728395
"13/06/2019",2,0.025,105,0.176,17028,28.62,25,8,3,243,6.036,1,15.51,15.43,14.22,8.96,15,0.922,0.0745185185185185
"13/06/2019",3,0.025,105,0.176,17028,28.62,67,15,4,243,6.036,1,15.51,15.43,14.22,8.96,15,0.922,0.099358024691358
"13/06/2019",4,0.025,105,0.176,17028,28.62,13,4,3,243,6.036,1,15.51,15.43,14.22,8.96,15,0.922,0.0745185185185185
"13/06/2019",5,0.025,105,0.176,17028,28.62,3,1,3,243,6.036,1,15.51,15.43,14.22,8.96,15,0.922,0.0745185185185185
"13/06/2019",6,0.025,105,0.176,17028,28.62,0,0,0,243,6.036,1,15.51,15.43,14.22,8.96,15,0.922,0
"13/06/2019",7,0.025,105,0.176,17028,28.62,2,1,2,243,6.036,1,15.51,15.43,14.22,8.96,15,0.922,0.049679012345679
"13/06/2019",8,0.025,105,0.176,17028,28.62,5,1,5,243,6.036,1,15.51,15.43,14.22,8.96,15,0.922,0.124197530864198
"13/06/2019",9,0.025,105,0.176,17028,28.62,4,1,4,243,6.036,1,15.51,15.43,14.22,8.96,15,0.922,0.099358024691358
"13/06/2019",10,0.025,105,0.176,17028,28.62,3,1,3,243,6.036,1,15.51,15.43,14.22,8.96,15,0.922,0.0745185185185185
"13/06/2019",11,0.025,105,0.176,17028,28.62,2,1,2,243,6.036,1,15.51,15.43,14.22,8.96,15,0.922,0.049679012345679
"13/06/2019",12,0.025,105,0.176,17028,28.62,5,2,2,243,6.036,1,15.51,15.43,14.22,8.96,15,0.922,0.049679012345679
"13/06/2019",13,0.025,105,0.176,17028,28.62,1,1,1,243,6.036,1,15.51,15.43,14.22,8.96,15,0.922,0.0248395061728395
"13/06/2019",14,0.025,105,0.176,17028,28.62,2,1,2,243,6.036,1,15.51,15.43,14.22,8.96,15,0.922,0.049679012345679
"13/06/2019",15,0.025,105,0.176,17028,28.62,40,1,40,243,6.036,1,15.51,15.43,14.22,8.96,15,0.922,0.99358024691358
"13/06/2019",1,0.05,105,0.176,17028,28.62,81,11,7,450,14.488,2,30.89,30.71,28,15,15,0.912,0.225368888888889
"13/06/2019",2,0.05,105,0.176,17028,28.62,26,3,9,450,14.488,2,30.89,30.71,28,15,15,0.912,0.28976
"13/06/2019",3,0.05,105,0.176,17028,28.62,61,6,10,450,14.488,2,30.89,30.71,28,15,15,0.912,0.321955555555556
"13/06/2019",4,0.05,105,0.176,17028,28.62,5,3,2,450,14.488,2,30.89,30.71,28,15,15,0.912,0.0643911111111111
"13/06/2019",5,0.05,105,0.176,17028,28.62,48,2,24,450,14.488,2,30.89,30.71,28,15,15,0.912,0.772693333333333
"13/06/2019",6,0.05,105,0.176,17028,28.62,15,2,8,450,14.488,2,30.89,30.71,28,15,15,0.912,0.257564444444444
"13/06/2019",7,0.05,105,0.176,17028,28.62,24,4,6,450,14.488,2,30.89,30.71,28,15,15,0.912,0.193173333333333
"13/06/2019",8,0.05,105,0.176,17028,28.62,11,4,3,450,14.488,2,30.89,30.71,28,15,15,0.912,0.0965866666666667
"13/06/2019",9,0.05,105,0.176,17028,28.62,55,4,14,450,14.488,2,30.89,30.71,28,15,15,0.912,0.450737777777778
"13/06/2019",10,0.05,105,0.176,17028,28.62,63,7,9,450,14.488,2,30.89,30.71,28,15,15,0.912,0.28976
"13/06/2019",11,0.05,105,0.176,17028,28.62,0,0,0,450,14.488,2,30.89,30.71,28,15,15,0.912,0
"13/06/2019",12,0.05,105,0.176,17028,28.62,28,4,7,450,14.488,2,30.89,30.71,28,15,15,0.912,0.225368888888889
"13/06/2019",13,0.05,105,0.176,17028,28.62,0,0,0,450,14.488,2,30.89,30.71,28,15,15,0.912,0
"13/06/2019",14,0.05,105,0.176,17028,28.62,7,3,2,450,14.488,2,30.89,30.71,28,15,15,0.912,0.0643911111111111
"13/06/2019",15,0.05,105,0.176,17028,28.62,26,5,5,450,14.488,2,30.89,30.71,28,15,15,0.912,0.160977777777778
"13/06/2019",1,0.076,105,0.176,17028,28.62,48,9,5,114,12.306,3,45.78,45.76,39.38,31.48,15,0.861,0.539736842105263
"13/06/2019",2,0.076,105,0.176,17028,28.62,0,0,0,114,12.306,3,45.78,45.76,39.38,31.48,15,0.861,0
"13/06/2019",3,0.076,105,0.176,17028,28.62,7,3,2,114,12.306,3,45.78,45.76,39.38,31.48,15,0.861,0.215894736842105
"13/06/2019",4,0.076,105,0.176,17028,28.62,2,1,2,114,12.306,3,45.78,45.76,39.38,31.48,15,0.861,0.215894736842105
"13/06/2019",5,0.076,105,0.176,17028,28.62,0,0,0,114,12.306,3,45.78,45.76,39.38,31.48,15,0.861,0
"13/06/2019",6,0.076,105,0.176,17028,28.62,8,1,8,114,12.306,3,45.78,45.76,39.38,31.48,15,0.861,0.863578947368421
"13/06/2019",7,0.076,105,0.176,17028,28.62,12,1,12,114,12.306,3,45.78,45.76,39.38,31.48,15,0.861,1.29536842105263
"13/06/2019",8,0.076,105,0.176,17028,28.62,9,1,9,114,12.306,3,45.78,45.76,39.38,31.48,15,0.861,0.971526315789474
"13/06/2019",9,0.076,105,0.176,17028,28.62,0,0,0,114,12.306,3,45.78,45.76,39.38,31.48,15,0.861,0
"13/06/2019",10,0.076,105,0.176,17028,28.62,0,0,0,114,12.306,3,45.78,45.76,39.38,31.48,15,0.861,0
"13/06/2019",11,0.076,105,0.176,17028,28.62,1,1,1,114,12.306,3,45.78,45.76,39.38,31.48,15,0.861,0.107947368421053
"13/06/2019",12,0.076,105,0.176,17028,28.62,3,1,3,114,12.306,3,45.78,45.76,39.38,31.48,15,0.861,0.323842105263158
"13/06/2019",13,0.076,105,0.176,17028,28.62,17,2,8,114,12.306,3,45.78,45.76,39.38,31.48,15,0.861,0.863578947368421
"13/06/2019",14,0.076,105,0.176,17028,28.62,2,1,2,114,12.306,3,45.78,45.76,39.38,31.48,15,0.861,0.215894736842105
"13/06/2019",15,0.076,105,0.176,17028,28.62,5,2,2,114,12.306,3,45.78,45.76,39.38,31.48,15,0.861,0.215894736842105
"13/06/2019",1,0.101,105,0.176,17028,28.62,73,15,5,435,19.982,4,60.25,60.18,56.83,39.09,15,0.944,0.22967816091954
"13/06/2019",2,0.101,105,0.176,17028,28.62,51,13,4,435,19.982,4,60.25,60.18,56.83,39.09,15,0.944,0.183742528735632
"13/06/2019",3,0.101,105,0.176,17028,28.62,43,11,4,435,19.982,4,60.25,60.18,56.83,39.09,15,0.944,0.183742528735632
"13/06/2019",4,0.101,105,0.176,17028,28.62,5,3,2,435,19.982,4,60.25,60.18,56.83,39.09,15,0.944,0.0918712643678161
"13/06/2019",5,0.101,105,0.176,17028,28.62,31,6,5,435,19.982,4,60.25,60.18,56.83,39.09,15,0.944,0.22967816091954
"13/06/2019",6,0.101,105,0.176,17028,28.62,42,3,14,435,19.982,4,60.25,60.18,56.83,39.09,15,0.944,0.643098850574713
"13/06/2019",7,0.101,105,0.176,17028,28.62,30,6,5,435,19.982,4,60.25,60.18,56.83,39.09,15,0.944,0.22967816091954
"13/06/2019",8,0.101,105,0.176,17028,28.62,7,3,2,435,19.982,4,60.25,60.18,56.83,39.09,15,0.944,0.0918712643678161
"13/06/2019",9,0.101,105,0.176,17028,28.62,40,4,10,435,19.982,4,60.25,60.18,56.83,39.09,15,0.944,0.45935632183908
"13/06/2019",10,0.101,105,0.176,17028,28.62,0,0,0,435,19.982,4,60.25,60.18,56.83,39.09,15,0.944,0
"13/06/2019",11,0.101,105,0.176,17028,28.62,17,6,3,435,19.982,4,60.25,60.18,56.83,39.09,15,0.944,0.137806896551724
"13/06/2019",12,0.101,105,0.176,17028,28.62,24,6,4,435,19.982,4,60.25,60.18,56.83,39.09,15,0.944,0.183742528735632
"13/06/2019",13,0.101,105,0.176,17028,28.62,25,2,12,435,19.982,4,60.25,60.18,56.83,39.09,15,0.944,0.551227586206896
"13/06/2019",14,0.101,105,0.176,17028,28.62,31,9,3,435,19.982,4,60.25,60.18,56.83,39.09,15,0.944,0.137806896551724
"13/06/2019",15,0.101,105,0.176,17028,28.62,16,3,5,435,19.982,4,60.25,60.18,56.83,39.09,15,0.944,0.22967816091954
